INSERT INTO exercise (id, name, description, muscle_group, equipment_type)
VALUES
  (1, 'Bench Press', 'Barbell chest press for building chest strength.', 'Chest', 'Barbell'),
  (2, 'Incline Smith Press', 'Smith Machine chest press on an incline bench.', 'Chest', 'Smith Machine'),
  (3, 'Incline Dumbbell Press', 'Dumbbell chest press on an incline bench.', 'Chest', 'Dumbbell'),
  (4, 'Incline Dumbbell Flyes', 'Dumbbell chest press on an incline bench.', 'Chest', 'Dumbbell'),
  (5, 'Dumbbell Flyes', 'Chest isolation movement for stretch and contraction.', 'Chest', 'Dumbbell'),
  (6, 'Chest Fly Machine', 'Machine chest fly for isolation.', 'Chest', 'Machine'),
  (7, 'Decline Bench Press', 'Lower chest activation with a barbell press.', 'Chest', 'Barbell'),
  (8, 'Chest Dips', 'Bodyweight dips focusing on chest and triceps.', 'Chest', 'Bodyweight'),
  (9, 'Machine Chest Press', 'Controlled resistance machine press for chest.', 'Chest', 'Machine'),
  (10, 'Cable Crossover', 'Cable chest flyes for muscle definition.', 'Chest', 'Cable'),
  (11, 'Close-Grip Bench Press', 'Narrow grip bench press targeting triceps.', 'Triceps', 'Barbell'),
  (12, 'Skull Crushers', 'EZ bar triceps extension for long head activation.', 'Triceps', 'Barbell'),
  (13, 'Overhead Triceps Extension', 'Dumbbell or cable movement for triceps.', 'Triceps', 'Dumbbell'),
  (14, 'Triceps Dips', 'Bodyweight dips targeting triceps and chest.', 'Triceps', 'Bodyweight'),
  (15, 'Cable Triceps Pulldown', 'Pulley triceps pulldown for controlled resistance.', 'Triceps', 'Cable'),
  (16, 'Single Arm Cable Pulldown', 'Pulley triceps pulldown for controlled resistance.', 'Triceps', 'Cable'),
  (17, 'Single Arm Overhead Tricep Extension', 'One-arm overhead extension.', 'Triceps', 'Dumbbell'),
  (18, 'Deadlift', 'Barbell deadlift for back and leg strength.', 'Back', 'Barbell'),
  (19, 'Pull-Ups', 'Bodyweight pull-up for back and biceps.', 'Back', 'Bodyweight'),
  (20, 'Barbell Rows', 'Row movement for mid-back.', 'Back', 'Barbell'),
  (21, 'Single Arm Dumbbell Rows', 'Unilateral row movement.', 'Back', 'Dumbbell'),
  (22, 'Lat Pulldown', 'Cable lat pulldown.', 'Back', 'Cable'),
  (23, 'Face Pulls', 'Cable movement for rear delts and traps.', 'Back', 'Cable'),
  (24, 'Barbell Curl', 'Classic biceps mass builder.', 'Biceps', 'Barbell'),
  (25, 'Chin-Ups', 'Bodyweight chin-up.', 'Biceps', 'Bodyweight'),
  (26, 'Preacher Curl', 'Curl on preacher bench.', 'Biceps', 'Dumbbell'),
  (27, 'Hammer Curl', 'Neutral grip dumbbell curl.', 'Biceps', 'Dumbbell'),
  (28, 'Squat', 'Barbell squat for legs.', 'Quads', 'Barbell'),
  (29, 'Smith Machine Lunges', 'Smith machine lunge.', 'Quads', 'Smith Machine'),
  (30, 'RDL', 'Romanian Deadlift.', 'Hamstrings', 'Dumbbell'),
  (31, 'Leg Press', 'Machine pressing movement.', 'Quads', 'Machine'),
  (32, 'Leg Extension', 'Machine quad isolation.', 'Quads', 'Machine'),
  (33, 'Bulgarian Split Squat', 'Single-leg squat.', 'Quads', 'Dumbbell'),
  (34, 'Stiff Legged Deadlift', 'Deadlift with less knee bend.', 'Hamstrings', 'Machine'),
  (35, 'Leg Curl', 'Hamstring isolation.', 'Hamstrings', 'Machine'),
  (36, 'Calf Raise', 'Standing/seated calf raises.', 'Calves', 'Machine'),
  (37, 'Barbell Shoulder Press', 'Overhead press.', 'Shoulders', 'Barbell'),
  (38, 'Machine Shoulder Press', 'Overhead machine press.', 'Shoulders', 'Machine'),
  (39, 'Lateral Raise', 'Side shoulder raise.', 'Shoulders', 'Dumbbell'),
  (40, 'Cable Lateral Raise', 'Side shoulder raise with cable.', 'Shoulders', 'Cable'),
  (41, 'Cable Front Raise', 'Front shoulder raise with cable.', 'Shoulders', 'Cable'),
  (42, 'Shrug', 'Trap isolation.', 'Shoulders', 'Dumbbell')
ON CONFLICT DO NOTHING;

SELECT setval('exercise_id_seq', (SELECT MAX(id) FROM exercise));

INSERT INTO program (id, name, description)
VALUES
  (1, 'Main Program', 'This is the Main Program'),
  (2, 'Second Program', 'This is the Second Program'),
  (3, 'Third Program', 'This is the Third Program')
ON CONFLICT DO NOTHING;

INSERT INTO split (id, program_id, name, description)
VALUES
  (1, 1, 'Legs & Shoulders', 'Lower body with shoulder isolation.'),
  (2, 1, 'Back & Biceps', 'Pull day focus.'),
  (3, 1, 'Chest & Triceps', 'Push day focus.'),
  (4, 2, 'Legs & Shoulders', 'Lower body with shoulder isolation.'),
  (5, 2, 'Back & Biceps', 'Pull day focus.'),
  (6, 2, 'Chest & Triceps', 'Push day focus.'),
  (7, 3, 'Legs & Shoulders', 'Lower body with shoulder isolation.'),
  (8, 3, 'Back & Biceps', 'Pull day focus.'),
  (9, 3, 'Chest & Triceps', 'Push day focus.')
ON CONFLICT DO NOTHING;

INSERT INTO split_exercise (split_id, exercise_id, sets, reps, exercise_order)
VALUES 
(1, 28, 5, 5, 1),
(1, 37, 5, 5, 2),
(1, 18, 3, 4, 3),
(1, 39, 3, 10, 4),
(1, 41, 3, 10, 5),
(1, 31, 3, 12, 6),
(1, 29, 3, 12, 7),
(1, 35, 1, 6, 8),
(1, 32, 1, 6, 9),
(1, 36, 3, 12, 10),
(2, 20, 5, 5, 1),
(2, 19, 3, 12, 2),
(2, 23, 3, 10, 3),
(2, 26, 3, 10, 4),
(2, 27, 3, 10, 5),
(3, 1, 5, 5, 1),
(3, 3, 3, 12, 2),
(3, 6, 3, 10, 3),
(3, 14, 3, 12, 4),
(3, 15, 3, 10, 5),
(4, 28, 5, 5, 1),
(4, 37, 5, 5, 2),
(4, 18, 3, 4, 3),
(4, 39, 3, 10, 4),
(4, 41, 3, 10, 5),
(4, 31, 3, 12, 6),
(4, 29, 3, 12, 7),
(4, 35, 1, 6, 8),
(4, 32, 1, 6, 9),
(4, 36, 3, 12, 10),
(5, 20, 5, 5, 1),
(5, 19, 3, 12, 2),
(5, 23, 3, 10, 3),
(5, 26, 3, 10, 4),
(5, 27, 3, 10, 5),
(6, 1, 5, 5, 1),
(6, 3, 3, 12, 2),
(6, 6, 3, 10, 3),
(6, 14, 3, 12, 4),
(6, 15, 3, 10, 5),
(7, 28, 5, 5, 1),
(7, 37, 5, 5, 2),
(7, 18, 3, 4, 3),
(7, 39, 3, 10, 4),
(7, 41, 3, 10, 5),
(7, 31, 3, 12, 6),
(7, 29, 3, 12, 7),
(7, 35, 1, 6, 8),
(7, 32, 1, 6, 9),
(7, 36, 3, 12, 10),
(8, 20, 5, 5, 1),
(8, 19, 3, 12, 2),
(8, 23, 3, 10, 3),
(8, 26, 3, 10, 4),
(8, 27, 3, 10, 5),
(8, 1, 5, 5, 1),
(9, 3, 3, 12, 2),
(9, 6, 3, 10, 3),
(9, 14, 3, 12, 4),
(9, 15, 3, 10, 5)
ON CONFLICT DO NOTHING;
